{
  "title": "Sidetrack Sally and the Potion of Focus",
  "description": "A whimsical fantasy short film from Blind Art Studios. Follow a scatterbrained wizard on a magical quest for focus through laughter, light, and glowing frogs.",
  "tags": [
    "Sidetrack Sally",
    "Blind Art",
    "Fantasy Anime",
    "AI Animation",
    "Whimsical Comedy",
    "Magic",
    "Book Animator",
    "AI Short Film",
    "Women in Animation",
    "Fantasy Short",
    "Creative Focus",
    "Animated Storybook",
    "October 2025"
  ],
  "genre": "Fantasy / Animation / Comedy",
  "language": "English",
  "year": "2025",
  "studio": "Blind Art Studios",
  "director": "Blind Art",
  "voice_cast": {
    "Sidetrack Sally": "Maple",
    "Narrator": "Ember",
    "Magda": "Spruce"
  },
  "runtime": "3 minutes",
  "license": "All Rights Reserved \u00a9 2025 Blind Art Studios"
}